station,max_delay
Charleroi-A.T.,1
Kortrijk-Goederen,3
Oostende-T.W.,5
Oostende-Zeehaven,5
Hasselt-Aflos L.35/1,12
Aalst-Oost,13
Spa-Géronstère,14
Châtelet-Formation,16
Zeebrugge-Strand,23
Pepinster-Cité,25
Franchimont,25
Chapelle-Dieu,25
Spa,25
Theux,25
Juslenville,25
Jemeppe-Froidmont,26
Mazy,26
Antwerpen-W.H.-B.Kallo,26
Merelbeke-Centraal,30
Ronet-Vorming,30
Oostende-Perron T.O.P.,34
Montzen-Est,37
Aye,37
Melle-T.W.,38
Antwerpen-Kiel,39
Wezet,39
Haversin,39
Bressoux,40
Liège-Guillemins-Faisceau,40
Chapois,41
Lissewege,41
Zeebrugge-Vorming,42
Haversin-Garage,42
Zeebrugge-Dorp,42
Marcinelle,44
Muizen-Goederen,45
Charleroi-Faisceau A,46
Ougrée,50
Tilly-Garage,51
Bois d'Ausse,51
Acren,51
Courrière,51
Florée,52
Houraing,52
Assesse,52
Ligny,52
Tilly,52
Lessen,52
Villers-la-Ville,53
Court-Saint-Etienne,53
Natoye,53
Fleurus,53
Céroux-Mousty,53
Papegem,53
Rebaix,53
Faux,53
Lodelinsart,53
Ciney,54
La Roche(Brabant),54
Forrières,54
Rochefort-Jemelle,54
Thulin,55
Poix-Saint-Hubert,55
Neufchâteau,55
Hatrival,55
Glaaien,56
Marbehan,56
Viville,56
Habay,56
Stockem,56
Grupont,56
Quiévrain,57
Merelbeke-Sas T.W.,57
Ninove,58
Quévy,58
Ninove-Wijkspoor,59
Hainin,59
Eupen,59
Lobbes-Garage,61
Binche,61
Lobbes,61
Leval,61
Balen,62
Leopoldsburg,63
Fontaine-Valmont,63
Iddergem,63
Okegem,63
Zolder,64
Froyennes,64
Zolder-Kruissporen,64
Heusden,64
Zonhoven,64
Herseaux,65
Erquelinnes,65
Beringen,66
Moeskroen,66
Erquelinnes-Dorp,66
Beverlo,66
Solre-sur-Sambre,67
Hony,68
Tilff,68
Méry,68
Labuissière,68
Poulseur,69
Marchienne-Zone,69
Landelies,69
Esneux,69
Moortsele,69
Gontrode,70
Hourpes,70
Landskouter,70
Heist,70
Scheldewindeke,70
Zele,70
Barvaux,71
Melreux-Hotton,71
Halle-Goederen,71
Komen,71
Marche-en-Famenne,71
Duinbergen,71
Philippeville,71
Bomal,72
Comblain-la-Tour,72
Rivage-Marchandises,72
Moensberg,72
Poperinge,72
Blankenberge,72
Marloie,72
Couvin,72
Yves-Gomezée,72
Mariembourg,72
Flémalle-Annexe,72
Aarlen,72
Beersel,72
Ternat,72
Thuin,72
Lens,72
Huizingen,72
Halanzy,72
Eichem,72
Lommel,72
Koksijde,73
Antwerpen-Dam,73
Aubange,73
Lauwe,73
Knokke,73
Messancy,73
Sy,73
Seraing,73
Rivage,73
Hamoir,73
Kinkempois-Relais,74
Heverlee,74
Sint-Joris-Weert,74
Pecrot,74
Antwerpen-Oost,74
Oud-Heverlee,74
Appelterre,74
Vorst-Oost,74
Ukkel-Stalle,74
Ukkel-Kalevoet,74
Schaarbeek-NOS,74
Pry,75
De Panne,75
Hamont,75
Veurne,75
Berzée,75
Balen-Werkplaatsen,75
Balegem-Zuid,75
Balegem-Dorp,75
Athus,75
Frameries,75
Tongeren,76
Cour-sur-Heure,76
Lierde,76
Schaarbeek-Sas K/C,76
Ieper,76
Louvain-la-Neuve,77
Baulers,77
Ham-sur-Heure,77
Noorderkempen,77
Sart-Bernard,77
Essene-Lombeek,77
Eerken,77
Florival,77
Schaarbeek-P.C.I.,77
Beignée,77
Walcourt,77
Neerpelt,78
Jamioulx,78
Overpelt,78
Maffle,78
Brugelette,78
Mévergnies-Attre,79
Godarville,79
Gouy-lez-Piéton,79
Pont-à-Celles,80
Morlanwelz,81
Wervik,81
Sint-Martens-Bodegem,81
Carnières,81
Sint-Agatha-Berchem,81
Piéton,81
Groot-Bijgaarden,81
Menen,81
Holleken,82
Linkebeek,82
Dilbeek,82
Naninne,82
Muizen,85
Hofstade,85
Sint-Genesius-Rode,85
Moustier,86
Ronet,86
Schendelbeke,86
De Hoek,87
Floreffe,87
Gedinne,87
Ham-sur-Sambre,87
Zandbergen,87
Moustier-Garage,87
Haren,87
Flawinne,87
Franière,87
Jemeppe-sur-Sambre,87
Genly,87
Idegem,87
Bordet,88
Evere,88
Schaarbeek-Josaphat,88
Jemeppe-sur-Sambre-Marchandise,88
Waterloo,88
Auvelais,88
Wevelgem,88
Viane-Moerbeke,88
Bilzen,88
Bilzen-Wijkspoor,88
Mérode,89
Galmaarden,89
Lustin,89
Godinne,89
Graide,89
Waregem,89
Beauraing,89
Diepenbeek,89
Tamines,89
Eigenbrakel,89
Yvoir,89
Dinant,89
Gendron-Celles,90
Geraardsbergen,90
Paliseul,90
Harelbeke,90
Herne,90
Carlsbourg,90
Cambron-Casteau,90
Houyet,90
Jambes,90
Tollembeek,90
Ville-Pommeroeul,90
Anseremme,90
Delta,91
Kapellen,91
Sint-Mariaburg,92
Obourg,92
Ekeren,93
Obourg-Marchandises,93
Couillet,93
La Louvière-Zuid,93
Havré,93
Le Campinaire,93
Antwerpen-Noorderdokken,93
Gedinne-Marchandises,93
Antwerpen-Luchtbal,93
Thieu,93
Aiseau,93
Nimy,94
Farciennes,94
Châtelet,94
Bracquegnies,94
Kijkuit,95
Heide,95
Wildert,95
Zwijndrecht,95
Essen,95
Kapellen-Wijkspoor,95
Nieuwkerken-Waas,95
Kalmthout,96
Baasrode-Zuid,96
Schaarbeek-Perron P.C.I.,96
Buggenhout,96
Melsele,96
Antwerpen-Zuid,96
Machelen,96
Profondsart,97
Malderen,97
Terhulpen,97
Genval,97
Oudegem,98
Schoonaarde,98
Londerzeel,98
Kapelle-op-den-Bos,98
Péruwelz,98
Harchies,98
Blaton,98
Jambes-Oost,99
Familleureux,99
La Louvière-Industriestation,99
Dave-Saint-Martin,99
Marche-lez-Ecaussinnes,100
Maubray,100
Ecaussinnes,100
Melkouwen,101
Antoing,101
Gent-Zeehaven,101
Hever,101
Heist-op-den-Berg,101
Callenelle,101
Bissegem,102
Genk,103
Kiewit,103
Bokrijk,103
La Louvière-Centrum,103
Berlaar,103
Boechout,104
Lillois,105
Nijvel,105
Begijnendijk,106
Booischot,106
Boussu,106
Obaix-Buzet,107
Hoeilaart,107
Roux,108
Marchienne-au-Pont,108
Liers-Faisceau,108
Groenendaal,108
Boortmeerbeek,109
Courcelles-Motte,109
Brussel-West,109
Geel,109
Olen,109
Simonis,109
Thurn en Taxis,109
Kinkempois-Formation,109
Bosvoorde,110
Watermaal,110
Mol,111
Brussels Airport - Zaventem,112
Libramont,113
Roeselare,113
Charleroi-Centraal,113
Manage,113
Aalst,114
Charleroi-West,114
Erembodegem,114
Lede,114
Serskamp,114
Zedelgem,115
Lichtervelde,115
Haacht,115
Torhout,116
Deinze-Wijksporen,116
Aarsele,116
Tielt,117
Zingem,118
Eine,118
Eke-Nazareth,118
Gavere-Asper,118
Chênée,118
Mouterij,118
Angleur,118
Chaudfontaine,119
Verviers-Paleis,119
Evergem,119
De Pinte,119
Waarschoot,119
Diesdelle,119
Sleidinge,119
Welkenraedt,119
Dolhain-Gileppe,119
Trooz,119
Brussel-Luxemburg,119
Wondelgem,119
Luttre,119
Etterbeek,120
Sint-Job,120
Bouwel,120
Wolfstee,120
Boondaal,120
Eeklo,120
Kessel,120
Arcaden,121
Herentals,122
Aarschot,122
Leignon,122
Testelt,123
Hoboken-Polder,123
Tielen,123
Zichem,123
Langdorp,123
Boom,124
Niel,124
Hemiksem,124
Schelle,124
Turnhout,125
Antwerpen-Berchem,125
Ruisbroek-Sauvegarde,126
Mortsel,126
Mortsel-Oude God,126
Mortsel-Deurnesteenweg,126
Izegem,126
Sint-Niklaas-Oost,127
Lier,127
Izegem-Sas,127
Mortsel-Liersesteenweg,127
Diest,127
Schulen-Sas,128
Schulen,129
Ingelmunster,129
Hillegem,130
Sint-Truiden,130
Hove,130
Alken,131
Herzele,131
Anderlecht,131
Antwerpen-Centraal,131
Olne,131
Burst,132
Terhagen,132
Fraipont,132
Nessonvaux,132
Pepinster,132
Verviers-Centraal,132
Kontich-Lint,133
Limal,133
Zottegem,133
Bierges-Walibi,134
Ghlin,134
Ottignies-Relais,134
Zinnik,134
Neufvilles,134
Neufvilles-Garage,134
Masnuy-Saint-Pierre,134
Jurbeke,134
Waver,134
Florenville,134
Bertrix,135
Ede,135
Erbisoeul,135
Meiser,136
Bergen,136
Welle,138
Sint-Denijs-Boekel,138
Munkzwalm,138
Haaltert,138
Anzegem,139
Duffel,139
Sint-Katelijne-Waver,139
Oudenaarde,140
Kortenberg-Goederen,141
Heizijde,141
Opwijk,141
Vichte,141
Ronse,141
's-Gravenbrakel,141
Lembeek,142
Lebbeke,142
Tubeke,142
Mont-Saint-Guibert,142
Gembloux,142
Hennuyères-Garage,142
Blanmont,142
Chastre,142
Hennuyères,142
Sint-Gillis(Dendermonde),143
Ernage,143
Rhisnes-Sas,144
Lonzée,144
Hasselt-Afwisseling,144
Rhisnes,144
Hasselt,144
Saint-Denis-Bovesse,145
Dendermonde,145
Beuzet,145
Mechelen-Nekkerspoel,146
Brussel-Schuman,146
Sclaigneaux,147
Ottignies,147
Marche-les-Dames-Marchandises,147
Marche-les-Dames,147
Namur-Herbatte,147
Luik-Carré,147
Namen,147
Namêche,147
Château-de-Seilles,148
Hermalle-sous-Huy,149
Merchtem,149
Hoei,149
Amay,149
Ampsin,149
Luik-Sint-Lambertus,149
Engis,149
Jemeppe-sur-Meuse,150
Java,150
Haute-Flône,150
Andenne,150
Tilleur,150
Leman,150
Kortrijk,150
Bas-Oha,150
Flémalle-Grande,150
Statte,150
Flémalle-Haute,150
Pont-de-Seraing,151
Sclessin,151
Zellik,151
Jette,152
Bockstael,152
Wespelaar-Tildonk,153
Haacht-Wijkspoor,153
Wezemaal,153
Wijgmaal,154
Deinze,154
Hambos,154
Vorst-Zuid,156
Vertrijk,157
Tienen,158
Liedekerke,158
Mechelen,158
Belsele,158
Lokeren,159
Ezemaal,159
Sinaai,159
Brussel-Kapellekerk,159
Lokeren-Oost,159
Brussel-Zuid,160
Neerwinden,161
Landen,161
Lot,161
Beervelde,161
Ruisbroek,161
Brussel-Congres,161
Zaventem,163
Halle,163
Buizingen,163
Kortenberg,164
Diegem,164
Veltem,164
Erps-Kwerps,164
Gentbrugge,164
Gentbrugge-Perron C.W.,164
Gent-Dampoort,164
Nossegem,164
Haren-Zuid,164
Schaarbeek,167
Borgworm,167
Bleret,167
Remicourt,168
Buda,168
Momalle,169
Brussel-Noord,169
Fexhe-le-Haut-Clocher,169
Opzullik,170
Voroux,170
Vilvoorde,170
Eppegem,171
Bierset-Awans,172
Weerde,173
Denderleeuw,173
Mollem,174
Leuven,175
Luik-Guillemins,176
Oostende,179
Saint-Ghislain,182
Quaregnon,182
Jemappes,182
Herstal,185
Virton,187
Milmort,190
Liers,191
Herent,195
Asse,198
Havinnes,200
Leuze,202
Aat,203
Brussel-Centraal,213
Diksmuide,225
Kortemark,225
Doornik,229
Ans,230
Forchies,231
Brugge-Sint-Pieters,234
Nijlen,236
Beveren(Waas),253
Edingen,254
Drongen,262
Brugge,262
Oostkamp,262
Bellem,262
Beernem,262
Hansbeke,262
Landegem,262
Willebroek,274
Sint-Niklaas,275
Puurs,275
Bornem,275
Temse,275
Wichelen,280
Rixensart,284
Kwatrecht,285
Melle,285
Merelbeke,285
Schellebelle,286
Aalter,286
Gent-Sint-Pieters,287
Wetteren,288
Maria-Aalter,288
Basse-Wavre,339
Gastuche,340
